CREATE DATABASE  IF NOT EXISTS `wx_attendance` /*!40100 DEFAULT CHARACTER SET utf8mb4 COLLATE utf8mb4_0900_ai_ci */ /*!80016 DEFAULT ENCRYPTION='N' */;
USE `wx_attendance`;
-- MySQL dump 10.13  Distrib 8.0.27, for Win64 (x86_64)
--
-- Host: localhost    Database: wx_attendance
-- ------------------------------------------------------
-- Server version	8.0.27

/*!40101 SET @OLD_CHARACTER_SET_CLIENT=@@CHARACTER_SET_CLIENT */;
/*!40101 SET @OLD_CHARACTER_SET_RESULTS=@@CHARACTER_SET_RESULTS */;
/*!40101 SET @OLD_COLLATION_CONNECTION=@@COLLATION_CONNECTION */;
/*!50503 SET NAMES utf8 */;
/*!40103 SET @OLD_TIME_ZONE=@@TIME_ZONE */;
/*!40103 SET TIME_ZONE='+00:00' */;
/*!40014 SET @OLD_UNIQUE_CHECKS=@@UNIQUE_CHECKS, UNIQUE_CHECKS=0 */;
/*!40014 SET @OLD_FOREIGN_KEY_CHECKS=@@FOREIGN_KEY_CHECKS, FOREIGN_KEY_CHECKS=0 */;
/*!40101 SET @OLD_SQL_MODE=@@SQL_MODE, SQL_MODE='NO_AUTO_VALUE_ON_ZERO' */;
/*!40111 SET @OLD_SQL_NOTES=@@SQL_NOTES, SQL_NOTES=0 */;

--
-- Table structure for table `course`
--

DROP TABLE IF EXISTS `course`;
/*!40101 SET @saved_cs_client     = @@character_set_client */;
/*!50503 SET character_set_client = utf8mb4 */;
CREATE TABLE `course` (
  `course_id` varchar(45) NOT NULL,
  `instructor` varchar(45) DEFAULT NULL,
  `course_title` varchar(45) DEFAULT NULL,
  PRIMARY KEY (`course_id`),
  UNIQUE KEY `course_id_UNIQUE` (`course_id`)
) ENGINE=InnoDB DEFAULT CHARSET=utf8mb4 COLLATE=utf8mb4_0900_ai_ci;
/*!40101 SET character_set_client = @saved_cs_client */;

--
-- Dumping data for table `course`
--

LOCK TABLES `course` WRITE;
/*!40000 ALTER TABLE `course` DISABLE KEYS */;
INSERT INTO `course` VALUES ('50101','888','软件体系结构设计'),('50102','666','软件体系结构设计'),('50201','666','软件工程导论'),('50202','888','软件工程导论'),('50301','999','c语言程序设计'),('50302','666','c语言持续设计'),('50401','999','数据结构'),('50501','777','计算机组成原理'),('50601','777','操作系统');
/*!40000 ALTER TABLE `course` ENABLE KEYS */;
UNLOCK TABLES;

--
-- Table structure for table `education_user`
--

DROP TABLE IF EXISTS `education_user`;
/*!40101 SET @saved_cs_client     = @@character_set_client */;
/*!50503 SET character_set_client = utf8mb4 */;
CREATE TABLE `education_user` (
  `user_id` varchar(45) NOT NULL,
  `user_name` varchar(45) NOT NULL,
  `identity` int NOT NULL,
  PRIMARY KEY (`user_id`)
) ENGINE=InnoDB DEFAULT CHARSET=utf8mb4 COLLATE=utf8mb4_0900_ai_ci;
/*!40101 SET character_set_client = @saved_cs_client */;

--
-- Dumping data for table `education_user`
--

LOCK TABLES `education_user` WRITE;
/*!40000 ALTER TABLE `education_user` DISABLE KEYS */;
INSERT INTO `education_user` VALUES ('1805050106','张越洋',0),('1905030128','刘奥琳',0),('1905050101','何世友',0),('1905050102','杨俊',0),('1905050103','徐源操',0),('1905050104','黄磊',0),('1905050105','袁烨飞',0),('1905050106','李一豪',0),('1905050107','吴承标',0),('1905050109','李文波',0),('1905050110','王海波',0),('1905050111','尹毅杰',0),('1905050112','唐鹏',0),('1905050113','刘晨阳',0),('1905050114','赵伟平',0),('1905050115','邓美',0),('1905050116','杨宗益',0),('1905050117','肖玉龙',0),('1905050118','黄海望',0),('1905050119','代家佐',0),('1905050121','马英豪',0),('1905050122','唐湘豫',0),('1905050123','尚晓龙',0),('1905050124','邓浩宇',0),('1905050125','冯靖',0),('1905050126','戴攀',0),('1905050127','黄闯成',0),('1905050128','伍宇豪',0),('1905050129','李嘉豪',0),('1905050130','吕玮豪',0),('1905050131','苏晟',0),('1905050132','朱金婷',0),('1905050133','陈金凤',0),('1905050134','唐莹',0),('1905050135','陈楚慧',0),('1905050201','王安腾',0),('1905050202','梁斌',0),('1905050203','刘荣涵',0),('1905050204','高远',0),('1905050205','姚梦召',0),('1905050206','陈玉祥',0),('1905050208','苏文龙',0),('1905050209','蒙小淋',0),('1905050210','王鑫坤',0),('1905050211','邓雷',0),('1905050212','彭艺涛',0),('1905050213','姚程',0),('1905050214','段辉',0),('1905050215','汤站',0),('1905050216','陈延之',0),('1905050217','李明军',0),('1905050218','王亚方',0),('1905050219','徐杰',0),('1905050220','刘景',0),('1905050221','邓森华',0),('1905050222','孙大清',0),('1905050223','郑涛',0),('1905050224','佘东豪',0),('1905050225','刘康',0),('1905050226','曹智辉',0),('1905050227','吴科苇',0),('1905050228','龚定涛',0),('1905050229','周旭',0),('1905050230','陈家聪',0),('1905050231','周璐',0),('1905050232','谭雯',0),('1905050233','林丽婷',0),('1905050234','吴佳伶',0),('666','jian Lin',1),('777','yan jun Li',1),('888','bing Tang',1),('999','qm Jiang',1);
/*!40000 ALTER TABLE `education_user` ENABLE KEYS */;
UNLOCK TABLES;

--
-- Table structure for table `sign`
--

DROP TABLE IF EXISTS `sign`;
/*!40101 SET @saved_cs_client     = @@character_set_client */;
/*!50503 SET character_set_client = utf8mb4 */;
CREATE TABLE `sign` (
  `sign_id` int NOT NULL AUTO_INCREMENT,
  `course_id` varchar(45) NOT NULL,
  `sign_type` int DEFAULT NULL,
  `sign_code` varchar(45) DEFAULT NULL,
  `sign_location` varchar(45) DEFAULT NULL,
  `sign_start_time` varchar(45) DEFAULT NULL,
  `sign_during` int DEFAULT NULL,
  PRIMARY KEY (`sign_id`),
  UNIQUE KEY `sign_id_UNIQUE` (`sign_id`)
) ENGINE=InnoDB AUTO_INCREMENT=15 DEFAULT CHARSET=utf8mb4 COLLATE=utf8mb4_0900_ai_ci;
/*!40101 SET character_set_client = @saved_cs_client */;

--
-- Dumping data for table `sign`
--

LOCK TABLES `sign` WRITE;
/*!40000 ALTER TABLE `sign` DISABLE KEYS */;
INSERT INTO `sign` VALUES (8,'50102',0,'w2Sn','112.91781|27.905178','1646364628992',30),(9,'50101',0,'hLRG','112.91781|27.905178','1646366138775',30),(10,'50101',0,'GXCF','112.91764|27.905203','1646373390821',28),(11,'50101',0,'Locy','112.9166|27.904602','1646374835956',20),(12,'50202',0,'hzC5','112.9166|27.904602','1646376523705',20),(13,'50101',0,'5h4W','112.9166|27.904602','1646376602957',2),(14,'50101',0,'05K2','112.91781|27.905178','1646380418963',20);
/*!40000 ALTER TABLE `sign` ENABLE KEYS */;
UNLOCK TABLES;

--
-- Table structure for table `sign_record`
--

DROP TABLE IF EXISTS `sign_record`;
/*!40101 SET @saved_cs_client     = @@character_set_client */;
/*!50503 SET character_set_client = utf8mb4 */;
CREATE TABLE `sign_record` (
  `sign_id` int NOT NULL,
  `student_id` varchar(45) NOT NULL
) ENGINE=InnoDB DEFAULT CHARSET=utf8mb4 COLLATE=utf8mb4_0900_ai_ci;
/*!40101 SET character_set_client = @saved_cs_client */;

--
-- Dumping data for table `sign_record`
--

LOCK TABLES `sign_record` WRITE;
/*!40000 ALTER TABLE `sign_record` DISABLE KEYS */;
INSERT INTO `sign_record` VALUES (8,'1905050104'),(9,'1905050104'),(9,'1905030128'),(9,'1805050106'),(9,'1905050101'),(9,'1905050102'),(9,'1905050103'),(9,'1905050105'),(10,'1905050128'),(10,'1905050110'),(11,'1905050104'),(13,'1905050104'),(13,'1905050110'),(14,'1905050104'),(14,'1905050103'),(14,'1905050102'),(14,'1905050106'),(14,'1905050101'),(14,'1905050105'),(14,'1905050107'),(14,'1905050109'),(14,'1905050112'),(14,'1905050114'),(14,'1905050118'),(14,'1905050121');
/*!40000 ALTER TABLE `sign_record` ENABLE KEYS */;
UNLOCK TABLES;

--
-- Table structure for table `student_course`
--

DROP TABLE IF EXISTS `student_course`;
/*!40101 SET @saved_cs_client     = @@character_set_client */;
/*!50503 SET character_set_client = utf8mb4 */;
CREATE TABLE `student_course` (
  `student_id` varchar(45) NOT NULL,
  `course_id` varchar(45) NOT NULL,
  PRIMARY KEY (`student_id`,`course_id`)
) ENGINE=InnoDB DEFAULT CHARSET=utf8mb4 COLLATE=utf8mb4_0900_ai_ci;
/*!40101 SET character_set_client = @saved_cs_client */;

--
-- Dumping data for table `student_course`
--

LOCK TABLES `student_course` WRITE;
/*!40000 ALTER TABLE `student_course` DISABLE KEYS */;
INSERT INTO `student_course` VALUES ('1805050106','50101'),('1805050106','50201'),('1805050106','50501'),('1805050106','50601'),('1905030128','50101'),('1905030128','50301'),('1905030128','50401'),('1905050101','50101'),('1905050101','50201'),('1905050101','50501'),('1905050101','50601'),('1905050102','50101'),('1905050102','50201'),('1905050102','50501'),('1905050102','50601'),('1905050103','50101'),('1905050103','50201'),('1905050103','50501'),('1905050103','50601'),('1905050104','50101'),('1905050104','50102'),('1905050104','50201'),('1905050104','50501'),('1905050104','50601'),('1905050105','50101'),('1905050105','50201'),('1905050105','50501'),('1905050105','50601'),('1905050106','50101'),('1905050106','50201'),('1905050106','50501'),('1905050106','50601'),('1905050107','50101'),('1905050107','50201'),('1905050107','50501'),('1905050107','50601'),('1905050109','50101'),('1905050109','50201'),('1905050109','50501'),('1905050109','50601'),('1905050110','50101'),('1905050110','50201'),('1905050110','50501'),('1905050110','50601'),('1905050111','50101'),('1905050111','50201'),('1905050111','50501'),('1905050111','50601'),('1905050112','50101'),('1905050112','50201'),('1905050112','50501'),('1905050112','50601'),('1905050113','50101'),('1905050113','50201'),('1905050113','50501'),('1905050113','50601'),('1905050114','50101'),('1905050114','50201'),('1905050114','50501'),('1905050114','50601'),('1905050115','50101'),('1905050115','50201'),('1905050115','50501'),('1905050115','50601'),('1905050116','50101'),('1905050116','50201'),('1905050116','50501'),('1905050116','50601'),('1905050117','50101'),('1905050117','50201'),('1905050117','50501'),('1905050117','50601'),('1905050118','50101'),('1905050118','50201'),('1905050118','50501'),('1905050118','50601'),('1905050119','50101'),('1905050119','50201'),('1905050119','50501'),('1905050119','50601'),('1905050121','50101'),('1905050121','50201'),('1905050121','50501'),('1905050121','50601'),('1905050122','50101'),('1905050122','50201'),('1905050122','50501'),('1905050122','50601'),('1905050123','50101'),('1905050123','50201'),('1905050123','50501'),('1905050123','50601'),('1905050124','50101'),('1905050124','50201'),('1905050124','50501'),('1905050124','50601'),('1905050125','50101'),('1905050125','50201'),('1905050125','50501'),('1905050125','50601'),('1905050126','50101'),('1905050126','50201'),('1905050126','50501'),('1905050126','50601'),('1905050127','50101'),('1905050127','50201'),('1905050127','50501'),('1905050127','50601'),('1905050128','50101'),('1905050128','50201'),('1905050128','50501'),('1905050128','50601'),('1905050129','50101'),('1905050129','50201'),('1905050129','50501'),('1905050129','50601'),('1905050130','50101'),('1905050130','50201'),('1905050130','50501'),('1905050130','50601'),('1905050131','50101'),('1905050131','50201'),('1905050131','50501'),('1905050131','50601'),('1905050132','50101'),('1905050132','50201'),('1905050132','50501'),('1905050132','50601'),('1905050133','50101'),('1905050133','50201'),('1905050133','50501'),('1905050133','50601'),('1905050134','50101'),('1905050134','50201'),('1905050134','50501'),('1905050134','50601'),('1905050135','50101'),('1905050135','50201'),('1905050135','50501'),('1905050135','50601'),('1905050201','50101'),('1905050201','50301'),('1905050201','50401'),('1905050202','50101'),('1905050202','50301'),('1905050202','50401'),('1905050203','50101'),('1905050203','50301'),('1905050203','50401'),('1905050204','50101'),('1905050204','50301'),('1905050204','50401'),('1905050205','50101'),('1905050205','50301'),('1905050205','50401'),('1905050206','50101'),('1905050206','50301'),('1905050206','50401'),('1905050208','50101'),('1905050208','50301'),('1905050208','50401'),('1905050209','50101'),('1905050209','50301'),('1905050209','50401'),('1905050210','50101'),('1905050210','50301'),('1905050210','50401'),('1905050211','50101'),('1905050211','50301'),('1905050211','50401'),('1905050212','50101'),('1905050212','50301'),('1905050212','50401'),('1905050213','50101'),('1905050213','50301'),('1905050213','50401'),('1905050214','50101'),('1905050214','50301'),('1905050214','50401'),('1905050215','50101'),('1905050215','50301'),('1905050215','50401'),('1905050216','50101'),('1905050216','50301'),('1905050216','50401'),('1905050217','50101'),('1905050217','50301'),('1905050217','50401'),('1905050218','50101'),('1905050218','50301'),('1905050218','50401'),('1905050219','50101'),('1905050219','50301'),('1905050219','50401'),('1905050220','50101'),('1905050220','50301'),('1905050220','50401'),('1905050221','50101'),('1905050221','50301'),('1905050221','50401'),('1905050222','50101'),('1905050222','50301'),('1905050222','50401'),('1905050223','50101'),('1905050223','50301'),('1905050223','50401'),('1905050224','50101'),('1905050224','50301'),('1905050224','50401'),('1905050225','50101'),('1905050225','50301'),('1905050225','50401'),('1905050226','50101'),('1905050226','50301'),('1905050226','50401'),('1905050227','50101'),('1905050227','50301'),('1905050227','50401'),('1905050228','50101'),('1905050228','50301'),('1905050228','50401'),('1905050229','50101'),('1905050229','50301'),('1905050229','50401'),('1905050230','50101'),('1905050230','50301'),('1905050230','50401'),('1905050231','50101'),('1905050231','50301'),('1905050231','50401'),('1905050232','50101'),('1905050232','50301'),('1905050232','50401'),('1905050233','50101'),('1905050233','50301'),('1905050233','50401'),('1905050234','50101'),('1905050234','50301'),('1905050234','50401');
/*!40000 ALTER TABLE `student_course` ENABLE KEYS */;
UNLOCK TABLES;

--
-- Table structure for table `user`
--

DROP TABLE IF EXISTS `user`;
/*!40101 SET @saved_cs_client     = @@character_set_client */;
/*!50503 SET character_set_client = utf8mb4 */;
CREATE TABLE `user` (
  `open_id` varchar(45) NOT NULL,
  `user_id` varchar(45) DEFAULT NULL,
  `user_name` varchar(45) DEFAULT NULL,
  `wx_nickname` varchar(45) DEFAULT NULL,
  `sex` int DEFAULT NULL,
  `identity` int DEFAULT NULL,
  `avatar_img` varchar(255) DEFAULT NULL,
  PRIMARY KEY (`open_id`),
  UNIQUE KEY `id_UNIQUE` (`open_id`)
) ENGINE=InnoDB DEFAULT CHARSET=utf8mb4 COLLATE=utf8mb4_0900_ai_ci;
/*!40101 SET character_set_client = @saved_cs_client */;

--
-- Dumping data for table `user`
--

LOCK TABLES `user` WRITE;
/*!40000 ALTER TABLE `user` DISABLE KEYS */;
INSERT INTO `user` VALUES ('oF-_z5hRjnalOnf-yFKEs5XFqMeI','888','bing Tang','Dean',0,1,'https://thirdwx.qlogo.cn/mmopen/vi_32/Q0j4TwGTfTKfIA9ibiclYUs0RJQSMS7LS1B6SvKkkjREOfccRM5ZWMGutHT7DeNX7fmuT0uUJBUTuArw5ZJ79czA/132'),('oF-_z5p5N2QQ5H4CdKQ5TOjKn9pA','1905050104','黄磊','丌ing',0,0,'https://thirdwx.qlogo.cn/mmopen/vi_32/9UlibfB4eum7Z5tNVSKBiciazKAU9UiaicWpG2paNx20Zhdibq73nIGYsXN9waZWiaJfDr00ffcDXAVcFyX1oNojrsiadg/132'),('oF-_z5qH7qvuINBkUH-9gPaOH_xw','1905050128','伍宇豪','伍宇豪plus',0,0,'https://thirdwx.qlogo.cn/mmopen/vi_32/aDo5kuQL9yiadVvffESEskYicx1LepRoia7k2HoRTykLrnWTlTU22n3C2WD8IUfHbZltNOUgzNIVA9ogibu9UPLPDg/132');
/*!40000 ALTER TABLE `user` ENABLE KEYS */;
UNLOCK TABLES;
/*!40103 SET TIME_ZONE=@OLD_TIME_ZONE */;

/*!40101 SET SQL_MODE=@OLD_SQL_MODE */;
/*!40014 SET FOREIGN_KEY_CHECKS=@OLD_FOREIGN_KEY_CHECKS */;
/*!40014 SET UNIQUE_CHECKS=@OLD_UNIQUE_CHECKS */;
/*!40101 SET CHARACTER_SET_CLIENT=@OLD_CHARACTER_SET_CLIENT */;
/*!40101 SET CHARACTER_SET_RESULTS=@OLD_CHARACTER_SET_RESULTS */;
/*!40101 SET COLLATION_CONNECTION=@OLD_COLLATION_CONNECTION */;
/*!40111 SET SQL_NOTES=@OLD_SQL_NOTES */;

-- Dump completed on 2022-03-09 13:14:20
